{
  "project_info": {
    "project_number": "593286341610",
    "firebase_url": "https://libri-8ad9c.firebaseio.com",
    "project_id": "libri-8ad9c",
    "storage_bucket": "libri-8ad9c.appspot.com"
  },
  "client": [
    {
      "client_info": {
        "mobilesdk_app_id": "1:593286341610:android:cbf50f27fdd47915",
        "android_client_info": {
          "package_name": "com.example.libri"
        }
      },
      "oauth_client": [
        {
          "client_id": "593286341610-paqqjis3eebieo9mn6gdcv9amgkna1mc.apps.googleusercontent.com",
          "client_type": 1,
          "android_info": {
            "package_name": "com.example.libri",
            "certificate_hash": "ecd842c9400e24d08bd3dfe6550cb324d4e06ab0"
          }
        },
        {
          "client_id": "593286341610-v98u5esj7jmip0atesntjueog89hfr91.apps.googleusercontent.com",
          "client_type": 3
        }
      ],
      "api_key": [
        {
          "current_key": "AIzaSyApzQiYxiiycTlRQYFcAPbjG1sNELpVHsA"
        }
      ],
      "services": {
        "appinvite_service": {
          "other_platform_oauth_client": [
            {
              "client_id": "593286341610-v98u5esj7jmip0atesntjueog89hfr91.apps.googleusercontent.com",
              "client_type": 3
            }
          ]
        }
      }
    }
  ],
  "configuration_version": "1"
}